TEORIJA,Avtoispitencentar-Skopje
TEORIJA,Veles
TEORIJA,Prilep
TEORIJA,Ohrid
TEORIJA,Bitola
TEORIJA,Strumica
TEORIJA,Kavadarci
TEORIJA,Tetovo
TEORIJA,Kochani
TEORIJA,Shtip
TEORIJA,Kumanovo
TEORIJA,Kichevo
TEORIJA,Sveti Nikole
POLIGON,ASUC-Skopje
POLIGON,Veles
POLIGON,Prilep
POLIGON,Ohrid
POLIGON,Bitola
POLIGON,Strumica
POLIGON,Kavadarci
POLIGON,Tetovo
POLIGON,Kochani
POLIGON,Shtip
POLIGON,Kumanovo
POLIGON,Kichevo
POLIGON,Sveti Nikole
PRAKTICNO,Biser 1 - Skopje
PRAKTICNO,Biser 2 -Skopje
PRAKTICNO,Biser 3 -Skopje
PRAKTICNO,Biser 4 -Skopje
PRAKTICNO,Transporten 1 - Skopje
PRAKTICNO,Transporten 2 - Skopje
PRAKTICNO,Transporten 3 - Skopje
PRAKTICNO,Jane Sandanski 1 - Skopje
PRAKTICNO,Jane Sandanski 2 - Skopje
PRAKTICNO,Debar Maalo 1 - Skopje
PRAKTICNO,Debar Maalo 2 - Skopje
PRAKTICNO,Debar Maalo 3 - Skopje
PRAKTICNO,Debar Maalo 4 - Skopje
PRAKTICNO,Debar Maalo 5 - Skopje
PRAKTICNO,Veles
PRAKTICNO,Prilep
PRAKTICNO,Ohrid
PRAKTICNO,Bitola
PRAKTICNO,Strumica
PRAKTICNO,Kavadarci
PRAKTICNO,Tetovo
PRAKTICNO,Kochani
PRAKTICNO,Shtip
PRAKTICNO,Kumanovo
PRAKTICNO,Kichevo
PRAKTICNO,Sveti Nikole
